{"acc": 0.9164474254778711, "loss": 0.1423500796353659, "_timestamp": 1708955686.2030392, "_runtime": 3.9954891204833984, "_step": 7, "_wandb": {"runtime": 3}}