{"acc": 0.7817929501472856, "loss": 0.20572036894696788, "_timestamp": 1708955766.882398, "_runtime": 4.48218297958374, "_step": 7, "_wandb": {"runtime": 3}}