{"loss": 0.0732650537051798, "_timestamp": 1708955871.1338923, "_runtime": 4.34321141242981, "_step": 7, "_wandb": {"runtime": 3}}