{"loss": 0.16599427951937074, "_timestamp": 1708958484.6368299, "_runtime": 4.016003847122192, "_step": 7, "_wandb": {"runtime": 3}}